model_name,category,latency_ms,rtf,throughput_cps,audio_duration_s,mos_utmos,wer,cer,pitch_mean_hz,pitch_std_hz,pitch_range_hz,speaking_rate,energy_std,pause_ratio
MMS-TTS,abbreviations,3081.13,0.511,29.21,6.032,,60.0,31.11,83.83,12.69,55.89,5.31,0.059,0.185
MMS-TTS,long,4671.48,0.482,28.79,9.736,,52.085,43.905,129.61,45.495,248.58,7.26,0.075,0.14
MMS-TTS,medium,1715.65,0.499,23.27,3.44,,55.555,49.245,140.22,71.62,234.805,5.51,0.082,0.271
MMS-TTS,mixed_script,1833.63,0.472,33.81,3.888,,150.0,93.55,136.2,25.2,115.95,4.89,0.092,0.262
MMS-TTS,named_entities,3355.9,0.469,30.625,7.176,,65.49,47.685,119.325,21.785,89.245,6.475,0.08,0.144
MMS-TTS,numbers,3059.225,0.468,24.23,6.528,,73.53,62.39,133.29,25.765,143.055,6.215,0.083,0.155
MMS-TTS,punctuation,2240.535,0.456,31.71,4.92,,65.385,50.305,131.855,23.95,109.66,6.92,0.081,0.238
MMS-TTS,short,1151.71,0.511,19.59,2.256,,50.0,42.5,131.24,17.635,65.205,5.75,0.088,0.326
MMS-TTS,technical,3230.535,0.486,29.25,6.664,,82.35,56.545,140.66,57.705,286.81,7.63,0.078,0.128
